{"inputUnits":[42],"outputUnits":7,"inputs":{"0":{"dtype":"number","min":70.21749611644186,"max":623.5709308497431},"1":{"dtype":"number","min":120.14772564914048,"max":513.889197753199},"2":{"dtype":"number","min":81.3286235247599,"max":591.6423464630398},"3":{"dtype":"number","min":129.49896623421304,"max":489.9632869032953},"4":{"dtype":"number","min":95.5531459234815,"max":578.9015219447806},"5":{"dtype":"number","min":119.06199165221346,"max":461.03362283011745},"6":{"dtype":"number","min":107.70750986645893,"max":575.8757162338195},"7":{"dtype":"number","min":96.38444687472762,"max":433.44417952672137},"8":{"dtype":"number","min":99.47973174700181,"max":576.5900267711842},"9":{"dtype":"number","min":70.04442592246153,"max":408.9013582164278},"10":{"dtype":"number","min":106.75204806153948,"max":623.8027754124682},"11":{"dtype":"number","min":106.52987473981159,"max":434.4145892372347},"12":{"dtype":"number","min":120.31851478473672,"max":619.1623316522628},"13":{"dtype":"number","min":97.28442029732173,"max":407.1233636651937},"14":{"dtype":"number","min":129.8812749036506,"max":608.3230569172154},"15":{"dtype":"number","min":89.82450297155029,"max":394.3287785275808},"16":{"dtype":"number","min":134.54783081277338,"max":600.9921315081993},"17":{"dtype":"number","min":65.90459415451258,"max":387.6763223205255},"18":{"dtype":"number","min":106.60028925946443,"max":629.394342035339},"19":{"dtype":"number","min":97.25946808452736,"max":455.75811533638176},"20":{"dtype":"number","min":117.37222768819224,"max":627.6339087271414},"21":{"dtype":"number","min":82.77173507452991,"max":428.4304775773053},"22":{"dtype":"number","min":120.69743335569162,"max":622.0649179759287},"23":{"dtype":"number","min":61.679022935771236,"max":423.35072388530693},"24":{"dtype":"number","min":121.47481998034488,"max":615.960622198199},"25":{"dtype":"number","min":36.51268251994402,"max":423.6815041450863},"26":{"dtype":"number","min":86.64915008122631,"max":633.0042090333525},"27":{"dtype":"number","min":88.21452165922527,"max":475.4494819667637},"28":{"dtype":"number","min":95.08945187300543,"max":634.3088960361695},"29":{"dtype":"number","min":75.39045193461732,"max":450.55518901658405},"30":{"dtype":"number","min":85.5156312045165,"max":630.3093965999891},"31":{"dtype":"number","min":67.30876116702845,"max":443.77222979329304},"32":{"dtype":"number","min":69.81226769072052,"max":624.8840948692861},"33":{"dtype":"number","min":40.45762777262294,"max":441.9761081968589},"34":{"dtype":"number","min":71.75175927492461,"max":635.256338550181},"35":{"dtype":"number","min":81.50587110135508,"max":492.0808446411128},"36":{"dtype":"number","min":74.5874046735214,"max":634.9650599612296},"37":{"dtype":"number","min":71.13966197241903,"max":472.41098898877453},"38":{"dtype":"number","min":67.67709026934968,"max":632.8997544366923},"39":{"dtype":"number","min":88.47382655101869,"max":462.96644433284547},"40":{"dtype":"number","min":58.62492883979749,"max":630.1043847478973},"41":{"dtype":"number","min":72.20712814824721,"max":457.56338937956866}},"outputs":{"0":{"dtype":"string","min":0,"max":1,"uniqueValues":["QUIENES SON","PERONISTA","CORNUDO","OJITO","PIPI CUCU","CHUPI","UN TIRO"],"legend":{"QUIENES SON":[1,0,0,0,0,0,0],"PERONISTA":[0,1,0,0,0,0,0],"CORNUDO":[0,0,1,0,0,0,0],"OJITO":[0,0,0,1,0,0,0],"PIPI CUCU":[0,0,0,0,1,0,0],"CHUPI":[0,0,0,0,0,1,0],"UN TIRO":[0,0,0,0,0,0,1]}}},"isNormalized":true}